problem_idx,problem_text,difficulty,hint_text,prompt,smart_model,weak_model,smart_improvement,weak_improvement,improvement_gap,avg_improvement,Llama-3.1-8B-Instruct_improvement,gemma-2-2b-it_improvement,gemma-2-9b-it_improvement,rank_by_gap,rank_by_smart_improvement,rank_by_avg_improvement,composite_score,rank_composite
19,"Determine the number of solutions to the equation 2^x - 2[x] - 1 = 0, where [x] denotes the greatest integer less than or equal to the real number x. Express your answer as a single integer.",0.1-0.2,Think about the intervals between integers.,socratic_question,gemma-2-9b-it,gemma-2-2b-it,0.6666666666666666,0.0,0.6666666666666666,0.5,0.8333333333333333,0.0,0.6666666666666666,1.0,3.0,5.5,0.65,1.0
10,"Given that the real numbers \( x \) and \( y \) satisfy the inequality \(\left(x+\sqrt{x^{2}+1}\right)\left(y+\sqrt{y^{2}+1}\right) \geqslant 1\), find the minimum value of \( x + y \).",0.1-0.2,\boxed{0},direct_hint,Llama-3.1-8B-Instruct,gemma-2-2b-it,0.5833333333333333,0.0,0.5833333333333333,0.4166666666666667,0.5833333333333333,0.0,0.6666666666666666,2.0,6.0,10.5,0.5666666666666665,2.0
17,"Let $a, b \in \mathbb{R}$, and $9a^{2}+b^{2}-6a-2b=0$. The maximum value of $3a+b$ is ______.",0.1-0.2,Try completing the square for the given equation to express it in terms of (3a + b).,step_suggestion,gemma-2-2b-it,Llama-3.1-8B-Instruct,0.5833333333333334,0.08333333333333334,0.5,0.19444444444444445,0.08333333333333334,0.5833333333333334,-0.08333333333333334,4.0,4.5,57.5,0.4944444444444444,3.0
19,"Determine the number of solutions to the equation 2^x - 2[x] - 1 = 0, where [x] denotes the greatest integer less than or equal to the real number x. Express your answer as a single integer.",0.1-0.2,\boxed{3},direct_hint,gemma-2-9b-it,gemma-2-2b-it,0.5,0.0,0.5,0.38888888888888884,0.6666666666666666,0.0,0.5,4.0,8.0,17.0,0.4888888888888888,4.0
37,"Given that one asymptote of the hyperbola $\frac{y^{2}}{a^{2}} - \frac{x^{2}}{b^{2}} = 1$ ($a, b > 0$) is $y = -2x$, and one focus of the hyperbola coincides with the focus of the parabola $x^2 = 4\sqrt{10}y$, find the standard equation of the hyperbola.",0.3-0.4,What does the equation $y = -\frac{b}{a}x$ tell you about the relationship between a and b?,socratic_question,gemma-2-9b-it,gemma-2-2b-it,0.49999999999999994,0.16666666666666669,0.33333333333333326,0.5277777777777778,0.9166666666666666,0.16666666666666669,0.49999999999999994,12.5,10.5,3.0,0.4027777777777777,5.0
25,Let \( x \) and \( y \) be positive real numbers. What is the smallest possible value of \( \frac{16}{x} + \frac{108}{y} + xy \)? Express your answer as a single number.,0.2-0.3,"Apply the AM-GM inequality to the terms \(\frac{16}{x}\), \(\frac{108}{y}\), and \(xy\).",step_suggestion,Llama-3.1-8B-Instruct,gemma-2-9b-it,0.6666666666666667,0.4166666666666667,0.25000000000000006,0.47222222222222227,0.6666666666666667,0.33333333333333337,0.4166666666666667,17.5,2.0,8.0,0.39722222222222225,6.0
31,What is the greatest number of balls of radius  $1/2$  that can be placed within a rectangular box of size  $10 \times 10 \times  1 \ ?$ ,0.3-0.4,\boxed{100},direct_hint,Llama-3.1-8B-Instruct,gemma-2-2b-it,0.5,0.25,0.25,0.38888888888888884,0.5,0.25,0.41666666666666663,25.5,8.0,17.0,0.3388888888888889,7.0
37,"Given that one asymptote of the hyperbola $\frac{y^{2}}{a^{2}} - \frac{x^{2}}{b^{2}} = 1$ ($a, b > 0$) is $y = -2x$, and one focus of the hyperbola coincides with the focus of the parabola $x^2 = 4\sqrt{10}y$, find the standard equation of the hyperbola.",0.3-0.4,\boxed{\frac{y^{2}}{8} - \frac{x^{2}}{2} = 1},direct_hint,gemma-2-9b-it,gemma-2-2b-it,0.49999999999999994,0.25,0.24999999999999994,0.38888888888888884,0.4166666666666667,0.25,0.49999999999999994,30.0,10.5,17.0,0.3388888888888888,8.0
39,A point $M$ is randomly chosen within a parallelogram $ABCD$ with an area of $S$. Calculate the probability that the area of $\triangle MCD$ is less than $\frac{S}{3}$. Express your answer as a simplified fraction.,0.3-0.4,\boxed{\frac{2}{3}},direct_hint,Llama-3.1-8B-Instruct,gemma-2-9b-it,0.75,0.6666666666666666,0.08333333333333337,0.5,0.75,0.08333333333333333,0.6666666666666666,49.0,1.0,5.5,0.325,9.0
19,"Determine the number of solutions to the equation 2^x - 2[x] - 1 = 0, where [x] denotes the greatest integer less than or equal to the real number x. Express your answer as a single integer.",0.1-0.2,Consider the relationship between the greatest integer function [x] and the range of x where 2^x is an integer.,step_suggestion,gemma-2-9b-it,gemma-2-2b-it,0.33333333333333337,0.08333333333333333,0.25000000000000006,0.4444444444444444,0.9166666666666666,0.08333333333333333,0.33333333333333337,17.5,13.5,9.0,0.29444444444444445,10.0
82,"If x is 20 percent more than y and y is some percent less than z, then x is 48 percent of z. What is the percentage decrease of y compared to z?",0.8-0.9,\boxed{60},direct_hint,gemma-2-9b-it,gemma-2-2b-it,0.33333333333333337,0.08333333333333333,0.25000000000000006,0.36111111111111116,0.6666666666666667,0.08333333333333333,0.33333333333333337,17.5,13.5,21.0,0.2861111111111111,11.0
5,"A store sells pencils and erasers. It has a rule that for every pencil you buy, you must buy 2 erasers which cost 1/2 the price of the pencils. They sold 20 pencils and the erasers cost $1 each. How much did the store earn from selling pencils and erasers?",0-0.1,How can you express the total revenue from selling pencils in terms of p?,socratic_question,Llama-3.1-8B-Instruct,gemma-2-2b-it,0.0,-0.5,0.5,-0.16666666666666666,0.0,-0.5,0.0,4.0,111.5,260.5,0.2833333333333333,12.0
51,"How many solutions does the equation $\sin \left( \frac{\pi}2 \cos x\right)=\cos \left( \frac{\pi}2 \sin x\right)$ have in the closed interval $[0,\pi]$? Express your answer as a whole number.",0.5-0.6,What are the values of x that would make the expressions inside the sine and cosine functions equal to π/2 or -π/2?,socratic_question,Llama-3.1-8B-Instruct,gemma-2-9b-it,0.33333333333333337,0.08333333333333333,0.25000000000000006,0.1388888888888889,0.33333333333333337,0.0,0.08333333333333333,17.5,13.5,84.0,0.2638888888888889,13.0
75,"There exist vectors $\mathbf{a}$ and $\mathbf{b}$ such that
\[\mathbf{a} + \mathbf{b} = \begin{pmatrix} 6 \\ -3 \\ -6 \end{pmatrix},\]where $\mathbf{a}$ is parallel to $\begin{pmatrix} 1 \\ 1 \\ 1 \end{pmatrix},$ and $\mathbf{b}$ is orthogonal to $\begin{pmatrix} 1 \\ 1 \\ 1 \end{pmatrix}.$  Find $\mathbf{b}.$",0.7-0.8,\boxed{\begin{pmatrix} 7 \\ -2 \\ -5 \end{pmatrix}},direct_hint,Llama-3.1-8B-Instruct,gemma-2-9b-it,0.08333333333333337,-0.33333333333333337,0.41666666666666674,-0.19444444444444445,0.08333333333333337,-0.33333333333333337,-0.33333333333333337,6.5,42.0,269.5,0.25555555555555565,14.0
16,The sum of the house numbers on one side of a street from corner to corner is 117. What is the house number of the fifth house from the beginning of this section?,0.1-0.2,Set up an equation to represent the sum of the house numbers.,step_suggestion,gemma-2-2b-it,gemma-2-9b-it,0.25000000000000006,0.0,0.25000000000000006,0.1944444444444445,0.33333333333333337,0.25000000000000006,0.0,17.5,18.0,54.0,0.2444444444444445,15.0
16,The sum of the house numbers on one side of a street from corner to corner is 117. What is the house number of the fifth house from the beginning of this section?,0.1-0.2,\boxed{13},direct_hint,gemma-2-2b-it,gemma-2-9b-it,0.25000000000000006,0.0,0.25000000000000006,0.13888888888888892,0.16666666666666666,0.25000000000000006,0.0,17.5,18.0,78.0,0.23888888888888893,16.0
79,"What is the smallest number which, when increased by some number, is divisible by 8, 11, and 24? The answer is 255.",0.7-0.8,"Think about the least common multiple (LCM) of 8, 11, and 24.",socratic_question,Llama-3.1-8B-Instruct,gemma-2-9b-it,0.25000000000000006,0.0,0.25000000000000006,0.11111111111111112,0.25000000000000006,0.08333333333333331,0.0,17.5,18.0,93.5,0.23611111111111116,17.5
91,"Adam has 18 magnets. He gave away a third of the magnets, and he still had some magnets left. Peter has 24 magnets. What is the ratio of the number of magnets Adam has to the number of magnets Peter has?",0.9-1,What fraction of Adam's original 18 magnets is 2/3?,socratic_question,gemma-2-9b-it,Llama-3.1-8B-Instruct,0.0,-0.41666666666666674,0.41666666666666674,-0.13888888888888892,-0.41666666666666674,0.0,0.0,6.5,111.5,256.0,0.23611111111111116,17.5
25,Let \( x \) and \( y \) be positive real numbers. What is the smallest possible value of \( \frac{16}{x} + \frac{108}{y} + xy \)? Express your answer as a single number.,0.2-0.3,\boxed{36},direct_hint,Llama-3.1-8B-Instruct,gemma-2-9b-it,0.5,0.4166666666666667,0.08333333333333331,0.3333333333333333,0.5,0.08333333333333333,0.4166666666666667,61.0,8.0,25.0,0.2333333333333333,19.0
12,"Determine the smallest natural number $n$ for which the inequality $\left(x^{2} + y^{2} + z^{2}\right)^{2} \leq n\left(x^{4} + y^{4} + z^{4}\right)$ holds for all real values of $x, y, z$.",0.1-0.2,\boxed{3},direct_hint,gemma-2-9b-it,gemma-2-2b-it,0.16666666666666669,-0.08333333333333333,0.25,0.3055555555555555,0.8333333333333333,-0.08333333333333333,0.16666666666666669,25.5,27.0,31.0,0.23055555555555557,20.5
75,"There exist vectors $\mathbf{a}$ and $\mathbf{b}$ such that
\[\mathbf{a} + \mathbf{b} = \begin{pmatrix} 6 \\ -3 \\ -6 \end{pmatrix},\]where $\mathbf{a}$ is parallel to $\begin{pmatrix} 1 \\ 1 \\ 1 \end{pmatrix},$ and $\mathbf{b}$ is orthogonal to $\begin{pmatrix} 1 \\ 1 \\ 1 \end{pmatrix}.$  Find $\mathbf{b}.$",0.7-0.8,What does it mean for $\mathbf{b}$ to be orthogonal to $\begin{pmatrix} 1 \\ 1 \\ 1 \end{pmatrix}$?,socratic_question,Llama-3.1-8B-Instruct,gemma-2-9b-it,0.0,-0.4166666666666667,0.4166666666666667,-0.19444444444444445,0.0,-0.16666666666666669,-0.4166666666666667,8.0,111.5,269.5,0.23055555555555557,20.5
51,"How many solutions does the equation $\sin \left( \frac{\pi}2 \cos x\right)=\cos \left( \frac{\pi}2 \sin x\right)$ have in the closed interval $[0,\pi]$? Express your answer as a whole number.",0.5-0.6,\boxed{2},direct_hint,Llama-3.1-8B-Instruct,gemma-2-9b-it,0.5833333333333334,0.5833333333333333,1.1102230246251565e-16,0.38888888888888884,0.5833333333333334,0.0,0.5833333333333333,69.0,4.5,17.0,0.21388888888888896,22.0
79,"What is the smallest number which, when increased by some number, is divisible by 8, 11, and 24? The answer is 255.",0.7-0.8,"Find the least common multiple (LCM) of 8, 11, and 24.",step_suggestion,Llama-3.1-8B-Instruct,gemma-2-9b-it,0.16666666666666669,-0.08333333333333334,0.25,0.05555555555555555,0.16666666666666669,0.08333333333333331,-0.08333333333333334,25.5,27.0,126.0,0.20555555555555557,23.0
30,"Let the function $f(x) = \log_{\frac{1}{2}}x$ have an inverse function denoted by $g(x)$. Then find the range of the function $y = g(x)$ on the interval $[1, 2]$.",0.3-0.4,What happens when we take the logarithm of a number with base $\frac{1}{2}$?,socratic_question,gemma-2-9b-it,Llama-3.1-8B-Instruct,-0.08333333333333337,-0.5,0.41666666666666663,-0.22222222222222224,-0.5,-0.08333333333333337,-0.08333333333333337,9.0,186.5,275.0,0.20277777777777772,24.0
91,"Adam has 18 magnets. He gave away a third of the magnets, and he still had some magnets left. Peter has 24 magnets. What is the ratio of the number of magnets Adam has to the number of magnets Peter has?",0.9-1,Calculate the number of magnets Adam gave away and the number of magnets he has left.,step_suggestion,gemma-2-9b-it,Llama-3.1-8B-Instruct,0.0,-0.33333333333333337,0.33333333333333337,-0.11111111111111112,-0.33333333333333337,0.0,0.0,10.0,111.5,240.0,0.18888888888888888,25.0
